,nickname,product,rating
0,priv,오리젠 어덜트 오리지날 2kg (천연수제간식 선물),1
1,87lu,스카우츠아너 프로바이오틱 그루밍케어 유산균 샴푸 473ml,5
2,jowe,벨포아 홀리스틱 곤충단백질 인섹트사료 3kg+선물선택,5
3,ysle,포켄스 덴티페어리 베트 벳 VET 70g 소포장 3종,5
4,adam,원데이케어 건강한 눈영양과 치석관리 7P,2
5,fall,오리젠 어덜트 오리지날 6kg (소분봉투+천연수제간식 선물),5
6,nain,스카우츠아너 프로바이오틱 그루밍케어 유산균 샴푸 473ml,3
7,yoos,벨포아 홀리스틱 곤충단백질 인섹트사료 3kg+선물선택,1
8,dog_,워렌런던 천연성분 저자극 샴푸 503ml,5
9,elsi,마우로 펫케어 딥클렌징&퓨리파잉 샴푸 532ml,5
10,ys11,쏘아베 레오파드 쌍고리 더블 리드줄(보라),5
11,doo1,네츄럴코어 유기농70% 슬림다운 다이어트 1kg 가수분해 사료,1
12,dan6,오리젠 퍼피 6kg (소분봉투+천연수제간식 선물),2
13,guiy,오리젠 6-피쉬 독 2kg (천연수제간식 선물),5
14,the_,스마트본 치킨&밀크 덴탈껌 16P,5
15,tjwj,스마트본 치킨&피넛버터 덴탈껌 16P,5
16,kyj8,맥아담스 자연방목 치킨과연어 미디움바이트 10kg,1
17,idre,네이처스버라이어티 인스팅트 생식본능 치킨 독 키블 10.2kg,3
18,pigp,테라카니스 디톡스 야채퓨레 400g,5
19,oc21,비타크래프트 도그스틱 1P X 50P (1박스) 혼합맛,5
20,baks,프로락토 유산균 (장기능개선/요거트) 120g,5
21,qoo4,프로락토 유산균 (장기능개선/치즈맛) 120g,5
22,thxo,고 솔루션 LID 스몰브리드 연어 레시피 2.72kg,1
23,koju,카루 데일리디쉬 그레인프리 스튜 354g 2개 SET,5
24,jmjm,아일오브독스 살롱 스테이클린 샴푸 1갤런 3.79L,4
25,cass,오리젠 6-피쉬 독 2kg (천연수제간식 선물),5
26,kjhd,워프 동결건조 강아지사료 소고기 280g,3
27,ggac,퓨어럭스 스텔라 저단백질 신장건강 체중조절 처방식 10kg,5
28,jong,고 솔루션 LID 연어 레시피 9.98kg,3
29,oks3,오리젠 어덜트 오리지날 6kg (소분봉투+천연수제간식 선물),5
30,acjw,오리젠 퍼피 11.4kg (소분봉투+천연수제간식 선물),5
31,stri,패리스독 올데이 카시트 베이지,5
32,ksm6,네츄럴코어 홀리스틱 허브 가수분해 양고기 6kg,5
33,leey,오리젠 6-피쉬 독 2kg (천연수제간식 선물),4
34,luck,무마진 소프트사료 그레인프리 연어&황태 눈건강케어 1kg,5
35,jkss,필루 스팟온 골드 외부기생충 강아지 진드기약 바르는 해충방지제,4
36,ohsu,오리젠 6-피쉬 독 2kg (천연수제간식 선물),3
37,enji,아몬스 명품 패드 50매 프리미엄 (48x40cm),5
38,ccij,풉백 PoopBags 배변봉투 리필 120매(8롤),4
39,huns,네이처스 로직 정어리 독 포뮬라 11.3kg,1
40,pcy6,오리젠 퍼피 2kg (천연수제간식 선물),3
41,chun,오리젠 6-피쉬 독 2kg (천연수제간식 선물),5
42,ckal,워프 램 그린트라이프 동결건조 간식 40g,5
43,hoho,네이쳐스 버라이어티 인스팅트 RBK 장건강 기능성사료 8.1kg,5
44,dlgy,데크라 아임트릿(에피트릿) 가수분해 저알러지 간식 226.8g,1
45,swee,포켄스 덴티페어리 디스펜서 대용량 낱개포장 박스 3종,5
46,wlsg,"아몬스 엑설런트 특대형 패드 20매 x 6개 세트(총120매, 76x60cm)",5
47,kjw3,퓨어럭스 스텔라 저단백질 신장건강 체중조절 처방식 10kg,5
48,song,뉴트리벳 오메가3 알래스카 연어오일&대구오일 399ml,4
49,rueh,내추로 습식사료 시니어(노령견용) 버라이어티팩 400gX4개입 1.6kg,3
50,o0oj,꺼내주세요 도나스 천연사사미껌 하드링츄 5P,4
51,kes4,꺼내주세요 도나스 천연사사미껌 하드링츄 5P,5
52,jist,크라운로얄 매직터치 그루밍 스프레이#3 236ml,5
53,uad3,투메케 뉴질랜드 천연 강아지간식 황소스틱 불리스틱 오리지날 50g,1
54,lime,고 솔루션 LID 칠면조 레시피 9.98kg,1
55,po97,오리젠 어덜트 오리지날 6kg (소분봉투+천연수제간식 선물),1
56,kjhy,패리스독 동글이 플레잉 스낵볼 노즈워크 장난감,4
57,mky0,구루머스 치킨츄 1P 대형견용 X 5개,5
58,danj,프라이멀 동결건조 너겟 치킨 156g,4
59,ynlo,식스스텝 항산화제 울트라 안티옥시던트 470ml,3
60,elec,오리젠 어덜트 오리지날 2kg (천연수제간식 선물),4
61,kimr,워프 램 그린트라이프 동결건조 간식 40g,3
62,seun,빈티지 오븐프레쉬 오븐베이크 강아지사료 칠면조&청어 9kg,2
63,skys,네이처벳 티어스테인 루테인플러스 소프트츄 154g,5
64,mun1,이볼브 그레인프리 칠면조 12.7kg,5
65,poor,네이처스 로직 정어리 독 포뮬라 11.3kg,5
66,righ,워프 램 그린트라이프 동결건조 간식 40g,5
67,opop,워프 동결건조 강아지사료 소고기 280g,4
68,jung,쏠레일 딜리셔스 볼 (소)-(R5116),2
69,kraf,네츄럴코어 유기농70% 베지테리언 야채 채식사료 1kg,5
70,chfh,마이독 스테이크 청정연어 320g,1
71,wetc,더블리스풀독 플래리스피니쉬 컨디셔너 16oz 473ml+30ml덤증정,4
72,814b,더블리스풀독 샤인온코트 스프레이 8oz 236ml+30ml 덤증정,5
73,yoon,오리젠 어덜트 오리지날 11.4kg (소분봉투+천연수제간식 선물),5
74,rlax,네츄럴코어 유기농70% 가수분해 오리고기 10kg,5
75,dudu,네츄럴코어 강아지 베네 M32 7.2kg 가수분해 오리고기,4
76,kyr0,프로락토 유산균 (장기능개선/요거트) 120g,1
77,dogo,나우 스몰브리드 피쉬 어덜트 2.7kg,1
78,yui9,오리젠 어덜트 오리지날 2kg (천연수제간식 선물),5
79,jjoo,포켄스 과일퓨레 펫디저트 105g (15g X 7개),5
80,hin0,스카우츠아너 프로바이오틱 그루밍케어 유산균 샴푸 473ml,3
81,jeen,즉시할인) 프로덴 플라그오프 40g,3
82,osun,"노스웨스트 내추럴 동결건조 칠면조 340g, 680g",2
83,xodh,필루 스팟온 골드 외부기생충 강아지 진드기약 바르는 해충방지제,5
84,kimu,도기맨 허니스마일 일자빗 (HS-60),2
85,sen8,자연느낌 순오리고기 슬라이스/ 순 닭가슴살 슬라이스 200g 원물그대로 천연수제간식,4
86,dh31,나우 스몰브리드 그레인프리 어덜트 5.44kg,5
87,idea,펫킷 챠밍 스마트 정수기 필터유닛 5개입,5
88,zxvt,크리스크리스텐슨 슬리커 브러쉬 마크 III 라지,2
89,hdh8,오리젠 퍼피 11.4kg (소분봉투+천연수제간식 선물),5
90,77lu,워프 동결건조 강아지사료 소고기 280g,5
91,joan,인영양제(면역강화/피부모질 영양제) 3kg,1
92,roes,네이쳐스 버라이어티 인스팅트 RBK 장건강 기능성사료 8.1kg,5
93,md21,빅독 빅바이트 캥거루 동결건조사료 1kg (오담 강아지화식 선물),5
94,ekdl,"퓨리나 프로플랜 토이브리드 토이베이비 퍼피 2.27kg /스타터,이유식사료",4
95,hyey,식스스텝 항산화제 울트라 안티옥시던트 470ml,5
96,kh90,오리젠 시니어 2kg (천연수제간식 선물),5
97,alst,오리젠 피트앤트림 체중조절 6kg (소분봉투+천연수제간식 선물),4
98,rhei,테라카니스 카니레오 치킨 1kg,1
99,okny,고 솔루션 LID 스몰브리드 연어 레시피 9.98kg,5
100,cand,오리젠 퍼피 11.4kg (소분봉투+천연수제간식 선물),3
101,gggf,테라카니스 라이트 저칼로리 다이어트 주식캔 400g,5
102,chld,포켄스 덴티페어리 디스펜서 대용량 낱개포장 박스 3종,3
103,astr,오리젠 시니어 2kg (천연수제간식 선물),3
104,bhhs,로얄캐닌 스타터 8.5kg 이유식사료,1
105,tjdg,테라카니스 순살고기가득 퓨어미트 400g,5
106,sp81,펫킷 챠밍 스마트 정수기 필터유닛 5개입,5
107,dldm,나우 스몰브리드 그레인프리 퍼피 9.98kg,4
108,dbwl,오리젠 어덜트 오리지날 2kg (천연수제간식 선물),5
109,moho,구루머스 치킨츄 1P 대형견용 X 5개,1
110,me__,자연담은 바삭한 오리목뼈 300g,4
111,cjst,오리젠 6-피쉬 독 2kg (천연수제간식 선물),5
112,oje1,프루터블 저칼로리 식물성 저알러지 강아지쿠키 오리지널 198g,5
113,syp0,오리젠 피트앤트림 체중조절 2kg (천연수제간식 선물),1
114,m181,맥아담스 자연방목 치킨 미디움바이트 10kg,5
115,dlwk,오리젠 라지브리드 퍼피 11.4kg (소분봉투+천연수제간식 선물),3
116,beac,오리젠 어덜트 오리지날 11.4kg (소분봉투+천연수제간식 선물),5
117,jina,팀버울프 사우스웨스트 치킨앤허브 10.9kg,5
118,sjch,더블리스풀독 바디앤바운스 샴푸 16oz 473ml+30ml덤증정,5
119,lee_,오리젠 피트앤트림 체중조절 6kg (소분봉투+천연수제간식 선물),5
120,baek,프레스키 터키츄 칠면조힘줄 스트립(통) 200g,5
121,kiku,빅독 빅바이트 캥거루 동결건조사료 1kg (오담 강아지화식 선물),4
122,carq,빅독 리틀바이트 캥거루 동결건조사료 160g (오담 강아지화식 선물),3
123,dkng,어스본 홀리스틱 그레인프리 프리머티브 12kg+돼지귀1P,4
124,dbdl,"마우로 펫케어 리브인 컨디셔너(아르간 오일,보습,해충방지용) 100ml",5
125,o2gi,필루 스팟온 골드 외부기생충 강아지 진드기약 바르는 해충방지제,4
126,teri,오리젠 퍼피 2kg (천연수제간식 선물),5
127,larv,오리젠 퍼피 11.4kg (소분봉투+천연수제간식 선물),4
128,cabi,오리젠 퍼피 2kg (천연수제간식 선물),3
129,comp,아몬스 VIP 패드 50매 [48cm x 세로 40cm],2
130,jkle,오리젠 피트앤트림 체중조절 6kg (소분봉투+천연수제간식 선물),5
131,anna,나우사료 그레인프리 스몰브리드 시니어 2.7kg (2.72kg),5
132,53hy,"패리스독 베어턱받이 하네스 핑크, 리드줄포함",5
133,lieb,오리젠 6-피쉬 독 2kg (천연수제간식 선물),2
134,jsy0,나우사료 그레인프리 스몰브리드 시니어 2.7kg (2.72kg),5
135,leez,부들부들 에코랜드 덴탈케어 치약 70g,4
136,wkda,오리젠 시니어 6kg (소분봉투+천연수제간식 선물),1
137,cord,오리젠 어덜트 오리지날 2kg (천연수제간식 선물),5
138,pnkl,오리젠 6-피쉬 독 2kg (천연수제간식 선물),5
139,lees,테라카니스 카니레오 치킨 1kg,3
140,cang,나우 스몰브리드 샘플 30g,5
141,syju,네이처스 로직 치킨 독 포뮬라 2kg,5
142,spma,오리젠 어덜트 오리지날 2kg (천연수제간식 선물),3
143,yang,멍키친 수제간식 eye좋아 소간육포 200g,1
144,sork,스마트본 치킨&피넛버터 덴탈껌 16P,3
145,poli,보니스 덴탈 치아관리 스몰 15p,5
146,skgm,나우 스몰브리드 그레인프리 어덜트 5.44kg,4
147,chjf,풉백 PoopBags 배변봉투 리필 120매(8롤),5
148,lszz,수퍼펫 올리브 식탁 화이트,4
149,a109,조인트맥스 트리플 스트랭스 120 츄어블 / 바이오틱스 2p 증정,5
150,sin5,오리젠 퍼피 11.4kg (소분봉투+천연수제간식 선물),1
151,hani,워프 동결건조 강아지사료 소고기 1kg,5
152,byeo,벅스펫 베지믹스 국내산 야채 후레이크 250g,1
153,dais,포켄스 과일퓨레 펫디저트 105g (15g X 7개),5
154,dofy,오리젠 6-피쉬 독 2kg (천연수제간식 선물),1
155,miin,워프 동결건조 강아지사료 소고기 280g,5
156,whit,네추럴코어 천연닭가슴살 닭연골 17S 40g,5
157,cert,스마트본 치킨&피넛버터 덴탈껌 16P,5
158,rty7,스마트본 치킨&피넛버터 덴탈껌 16P,5
159,mym0,펫슐랭 유산균 바게트츄 120g,4
160,goeu,펫슐랭 유산균 바게트츄 120g,2
161,marc,로얄캐닌 골든리트리버 어덜트 16kg,5
162,cafm,네이처스 버라이어티 인스팅트 헬시크레이빙 파우치 85g,5
163,reds,뉴트리벳 프리&프로바이오틱스 유산균 120츄,5
164,hsh6,뉴트리벳 관절영양제 1단계 (예방 및 초기),5
165,stel,보니스껌 힙앤조인트 관절관리 미니 20p,5
166,gusa,오리젠 어덜트 오리지날 2kg (천연수제간식 선물),3
167,gouy,나우 스몰브리드 그레인프리 어덜트 5.44kg,5
168,dohe,크라운로얄 매직터치 그루밍 스프레이#3 236ml,5
169,loui,네이처벳 티어스테인 루테인플러스 소프트츄 154g,4
170,priv,오리젠 어덜트 오리지날 6kg (소분봉투+천연수제간식 선물),5
171,87lu,나우 스몰브리드 그레인프리 어덜트 5.44kg,1
172,jowe,카우보이 하네스 [사이즈 선택],5
173,ysle,어스본 홀리스틱 그레인프리 고양이사료 6kg,3
174,adam,내추로 그레인프리 습식사료 주식캔 390g,2
175,fall,내추로 그레인프리 습식사료 주식캔 390g,5
176,nain,원올 슬리커 브러쉬 라지,5
177,yoos,"그린트리 대용량 샴푸 3.75L (실리콘,알콜,방부제,파라벤 FREE)",5
178,dog_,그린트리 아르간오일 샴푸 500㎖ 손상된 피모케어,5
179,elsi,"조인트맥스 크랜베리 디만노스 60츄어블 (결석,요실금,방광,요로,비뇨기질환,블래더)",5
180,ys11,팀버울프 오션블루 10.9kg,1
181,doo1,네이쳐스 버라이어티 인스팅트 LID 연어 1.8kg,3
182,dan6,뉴트리벳 멀티비타민&미네랄 60츄어블 120g,5
183,guiy,아일오브독스 에브리데이 실키코팅 샴푸 500ml,5
184,the_,"로즈힙 바이탈 케이나인 500g 3in1 (관절,항산화,피부영양제)",1
185,tjwj,팀버울프 오션블루 1.36kg,5
186,kyj8,어스본 홀리스틱 그레인프리 고양이사료 6kg,5
187,idre,오리젠 피트앤트림 체중조절 6kg (소분봉투+천연수제간식 선물),1
188,pigp,네이쳐스 버라이어티 인스팅트 RBK 장건강 기능성사료 8.1kg,1
189,oc21,쏘아베 미니 탱탱볼 2SET,5
190,anna,아이누 저알러지 그레인프리 강아지사료 2kg 3종,5
191,53hy,어스본 홀리스틱 그레인프리 고양이사료 6kg,5
192,lieb,트라이벌 프레쉬 프레스트 연어 성견용 3kg,5
193,jsy0,오리젠 시니어 2kg (천연수제간식 선물),5
194,leez,Blue Ocean 케어앤맘 셀프 스케일러 (사각형),1
195,wkda,오리젠 퍼피 11.4kg (소분봉투+천연수제간식 선물),5
196,cord,오리젠 6-피쉬 독 11.4kg (소분봉투+천연수제간식 선물),5
197,pnkl,네추라 너리쉬 덴탈토이 치석제거 간식장난감 공룡 스테고사우르스,5
198,lees,내추럴EX 순수한우 불리스틱 초소형 1P,5
199,cang,패리스독 스포츠볼 간식놀이 러버토이 럭비공 노즈워크장난감,1
200,syju,로얄캐닌 맥시 스타터 15kg,5
201,spma,슈퍼츄 30DAYS 츄르 스틱 습식간식 두뇌발달 참치 360g,3
202,yang,로투스 오븐베이크 홀리스틱 시니어 2.27kg,3
203,sork,오리젠 퍼피 11.4kg (소분봉투+천연수제간식 선물),1
204,poli,네추라 너리쉬 덴탈토이 치석제거 간식장난감 공룡 스테고사우르스,5
205,skgm,오리젠 피트앤트림 체중조절 11.4kg (소분봉투+천연수제간식 선물),5
206,chjf,맥아담스 자연방목 치킨과연어 미디움바이트 10kg,5
207,lszz,나우 스몰브리드 그레인프리 어덜트 2.72kg,5
208,a109,오리젠 피트앤트림 체중조절 11.4kg (소분봉투+천연수제간식 선물),4
209,sin5,호산펫 강아지 살균티슈 워터리스 바디티슈 물티슈 130매,4
210,hani,씨엠코리아 퍼즐 이팅토이 노즈워크 지능개발 장난감 라운드,3
211,byeo,씨엠코리아 퍼즐 이팅토이 노즈워크 지능개발 장난감 라운드,5
212,dais,"페슬러 자동리드줄 S,M,L",5
213,dofy,"아몬스 엑설런트 특대형 패드 20매 x 6개 세트(총120매, 76x60cm)",5
214,miin,어스본 홀리스틱 그레인프리 고양이사료 6kg,5
215,whit,퍼즈야드 귀세정제 125ml (스위트아몬드+알로에베라),3
216,cert,나우 스몰브리드 그레인프리 시니어 5.44kg,5
217,rty7,뿡뿡쉬 숨쉬는 특대형 대용량패드(60cm X 76cm) 50매,5
218,mym0,헥스 터키츄 칠면조와 소고기 힘줄 간식 로프 M,3
219,goeu,오리젠 6-피쉬 독 2kg (천연수제간식 선물),5
220,marc,크라운로얄 컨디션 플러스 저농축(컨디셔너) 236ml,1
221,cafm,브레이버리 그레인프리 저알러지 강아지사료 2kg,5
222,reds,네츄럴코어 강아지 베네 M32 14.4kg 가수분해 오리고기,5
223,hsh6,즉시할인) 프로덴 플라그오프 40g,5
224,stel,네이처스 로직 치킨 독 포뮬라 2kg,1
225,gusa,오리젠 어덜트 오리지날 6kg (소분봉투+천연수제간식 선물),1
226,gouy,"아몬스 엑설런트 특대형 패드 20매 x 6개 세트(총120매, 76x60cm)",5
227,dohe,워프 동결건조 강아지사료 소고기 280g,5
228,loui,더블리스풀독 버그 오프 스프레이(해충방지) 8oz 236ml+30ml 덤증정,3
229,priv,필루 스팟온 골드 외부기생충 강아지 진드기약 바르는 해충방지제,5
230,87lu,"로즈힙 바이탈 케이나인 150g (3in1 관절,항산화,피부영양제)",5
231,jowe,로얄캐닌 골든리트리버 어덜트 16kg,5
232,ysle,퓨어럭스 스텔라 저단백질 신장건강 체중조절 처방식 10kg,1
233,adam,오리젠 어덜트 오리지날 11.4kg (소분봉투+천연수제간식 선물),5
234,fall,고 솔루션 LID 칠면조 레시피 9.98kg,5
235,nain,오리젠 퍼피 6kg (소분봉투+천연수제간식 선물),5
236,yoos,오리젠 피트앤트림 체중조절 6kg (소분봉투+천연수제간식 선물),1
237,dog_,리쉬라켓 자동줄 오리지널 핸즈프리,1
238,elsi,워프 동결건조 강아지사료 소고기 1kg,3
239,ys11,나우 스몰브리드 피쉬 어덜트 9.98kg,5
240,doo1,워프 동결건조 강아지사료 소고기 280g,5
241,dan6,네이처스 로직 치킨 독 포뮬라 2kg,4
242,guiy,오리젠 피트앤트림 체중조절 11.4kg (소분봉투+천연수제간식 선물),4
243,the_,오리젠 어덜트 오리지날 6kg (소분봉투+천연수제간식 선물),5
244,tjwj,프루터블 피비앤조이 에너지바 단백질보충 식물성 다이어트간식 170g,5
245,kyj8,테라카니스 라이트 저칼로리 다이어트 주식캔 400g,5
246,idre,테라카니스 하이포알러젠 저알러지 주식캔 400g,4
247,pigp,씨엠코리아 퍼즐 이팅토이 노즈워크 지능개발 장난감 라운드,5
248,oc21,쏘아베 솔리드 가슴줄+리드줄 세트 초코브라운 15mm,4
249,baks,데크라 덤알레이 오트밀 약용샴푸 12oz,5
250,qoo4,펫밥 그레인프리 육즙그대로 패티사료 소고기 1.2kg,5
251,thxo,아몬스 VIP 패드 50매 [48cm x 세로 40cm] X 4개 SET,5
252,koju,칼리 오돌토돌 라텍스 귀여운 동물장난감 코알라,3
253,jmjm,칼리 쥬라기 에그 천연 라텍스 장난감,5
254,cass,오리젠 어덜트 오리지날 11.4kg (소분봉투+천연수제간식 선물),5
255,kjhd,테라카니스 카니레오 치킨 1kg,4
256,ggac,오리젠 피트앤트림 체중조절 11.4kg (소분봉투+천연수제간식 선물),4
257,jong,퓨어럭스 스텔라 저단백질 신장건강 체중조절 처방식 10kg,5
258,oks3,패리스독 롤케이크 라텍스토이 (색상랜덤),5
259,acjw,패리스독 말랑 잼잼 로프토이,5
260,stri,칼리 오돌토돌 라텍스 귀여운 동물장난감 코알라,4
261,ksm6,패리스독 우드 덤벨 TPR 토이(이갈이용 장난감),5
262,righ,프로락토 유산균 (장기능개선/치즈맛) 120g,4
263,opop,오리젠 어덜트 오리지날 11.4kg (소분봉투+천연수제간식 선물),1
279,grac,고 솔루션 LID 스몰브리드 연어 레시피 9.98kg,4
280,hivn,버박 에피오틱 이어크리너 귀세정제 125ml,1
281,eans,펫슐랭 유산균 바게트츄 120g,5
282,myhy,펫슐랭 유산균 바게트츄 120g,5
283,cuba,덴탈헬스 강아지 치석제거 덴탈껌 민트맛 12pX10개,5
284,airl,스텔라앤츄이스 로우코티드 키블 스몰브리드 치킨 1.6kg+선물선택,5
285,swyu,비타크래프트 도그스틱 빗츠 슈퍼푸드 연어+호박+로즈마리 70g,5
286,02-0,무아키친 천연 연어껍질 스틱 저알러지 수제간식 40g (유통기한 22년 12월),5
287,didi,팜내츄럴 발포껌 사사미껌 오리스틱껌 8P 60g,5
288,irur,꺼내주세요 도나스 천연사사미껌 하드링츄 5P,4
289,ima3,고 솔루션 LID 스몰브리드 연어 레시피 2.72kg,5
290,xxxg,오리젠 6-피쉬 독 2kg (천연수제간식 선물),2
291,dnfl,나우사료 그레인프리 스몰브리드 시니어 2.7kg (2.72kg),5
292,gyqc,벳엑티브8 신바이오틱 부스트 500억 유산균 장건강영양제 250g,5
293,hong,문경 바사삭 구운황태 50g,5
294,dibd,오리젠 어덜트 오리지날 2kg (천연수제간식 선물),5
295,hhu9,나우 스몰브리드 피쉬 어덜트 1.36kg,1
296,pont,"아몬스 엑설런트 특대형 패드 20매 x 6개 세트(총120매, 76x60cm)",5
297,phss,고 솔루션 LID 스몰브리드 연어 레시피 9.98kg,1
298,seon,오리젠 피트앤트림 체중조절 2kg (천연수제간식 선물),5
299,soom,스텔라앤츄이스 로우코티드 키블 스몰브리드 치킨 1.6kg+선물선택,5
300,m2ma,"아몬스 엑설런트 특대형 패드 20매 x 6개 세트(총120매, 76x60cm)",5
301,rest,오리젠 어덜트 오리지날 6kg (소분봉투+천연수제간식 선물),5
302,mj05,오리젠 어덜트 오리지날 6kg (소분봉투+천연수제간식 선물),5
303,matr,빅독 빅바이트 캥거루 동결건조사료 1kg (오담 강아지화식 선물),5
304,is5j,고 솔루션 LID 스몰브리드 연어 레시피 9.98kg,3
305,agai,오리젠 어덜트 오리지날 2kg (천연수제간식 선물),1
306,alwk,에스비락 강아지 초유분유 대용량 340g,5
307,jjun,오리젠 퍼피 11.4kg (소분봉투+천연수제간식 선물),1
308,uyuc,슈베르트 울트라 라이트웨이트 피아노 실버 콤 PCA-220C (22cm),5
309,skyp,카루 데일리디쉬 그레인프리 스튜 354g 2개 SET,5
310,only,Blue Ocean 케어앤맘 셀프 스케일러 (사각형),2
311,hayo,네추라 너리쉬 덴탈토이 치석제거 간식장난감 공룡 스테고사우르스,4
312,tmdv,오리젠 어덜트 오리지날 6kg (소분봉투+천연수제간식 선물),1
313,jung,벨포아 홀리스틱 곤충단백질 인섹트사료 3kg+선물선택,2
314,kraf,어거스틴 슈퍼부스트 비타민&미네랄 종합영양제 110g,5
315,chfh,펫밥 그레인프리 육즙그대로 패티사료 소고기 1.2kg,5
316,wetc,퓨어럭스 스텔라 저단백질 신장건강 체중조절 처방식 10kg,5
317,814b,펫스테이지 우드스틱 XS S M L (사이즈 선택),4
318,yoon,스마트본 플레이타임츄 치킨&피넛버터 볼 미니 10P,2
319,rlax,오리젠 어덜트 오리지날 11.4kg (소분봉투+천연수제간식 선물),3
320,dudu,빅독 빅바이트 캥거루 동결건조사료 490g (오담 강아지화식 선물),5
321,kyr0,워프 동결건조 강아지사료 소고기 280g,5
322,dogo,워프 동결건조 강아지사료 소고기 280g,5
323,yui9,워프 동결건조 강아지사료 소고기 280g,4
324,jjoo,나우 스몰브리드 피쉬 어덜트 5.44kg,5
325,hin0,고 솔루션 LID 연어 2.72kg,5
326,jeen,오리젠 퍼피 11.4kg (소분봉투+천연수제간식 선물),5
327,osun,비타크래프트 도그스틱 1P X 5개 혼합맛,1
328,xodh,오리젠 6-피쉬 독 11.4kg (소분봉투+천연수제간식 선물),5
329,o2gi,구루머스 치킨츄 7P x 5개,5
330,teri,네이처스로직 디스팅션 정어리 11kg (눈물사료/피부질환개선),5
331,larv,슈베르트 울트라 라이트웨이트 피아노 실버 콤 PCA-220C (22cm),5
332,cabi,카루 데일리디쉬 칠면조&연어 스튜 354g,4
333,comp,바이오클 바이오클펫 4L 치아염소산수 무향 탈취제,5
334,jkle,아이앤지메딕스 오메가3 플러스 소프트츄 4츄 X 5봉 (1박스 20츄),4
335,ydh1,워프 동결건조 강아지사료 소고기 280g,5
336,tjsr,아일오브독스 에브리데이 러쉬코팅 SET,5
337,snow,슈퍼츄 60DAYS 짜먹이는 츄르 스틱 60P,5
338,adiv,슈퍼츄 30DAYS 츄르 스틱 습식간식 두뇌발달 참치 360g,3
339,zzmm,오리젠 6-피쉬 독 11.4kg (소분봉투+천연수제간식 선물),1
340,beag,비타크래프트 도그스틱 빗츠 슈퍼푸드 연어+호박+로즈마리 70g,5
341,wjdg,비타크래프트 도그스틱 빗츠 슈퍼푸드 연어+호박+로즈마리 70g,5
342,nonp,비타크래프트 도그스틱 빗츠 슈퍼푸드 연어+호박+로즈마리 70g,5
343,dbql,고 솔루션 LID 스몰브리드 연어 레시피 9.98kg,1
344,cena,조인트맥스 트리플 스트랭스 120 츄어블 / 바이오틱스 2p 증정,5
345,puni,네이쳐스 버라이어티 인스팅트 LID 칠면조 1.8kg,4
346,ssun,어스본 홀리스틱 그레인프리 헬시웨이트 12kg(체중조절용)+돼지귀1P,2
347,codu,오리젠 스몰브리드 1.8kg (천연수제간식 선물),1
348,7act,나우 스몰브리드 그레인프리 어덜트 9.98kg,3
349,lusi,칼리 라텍스 스위티 (색상 랜덤발송),5
350,ukno,나우 스몰브리드 그레인프리 시니어 9.98kg,5
351,jins,아이누 저알러지 그레인프리 강아지사료 20kg(브리더용 대용량 무지팩),3
352,jkh9,간식의정석 리얼져키 육포트릿 큐브타입 간식 180g,4
353,ohks,필루 스팟온 골드 외부기생충 강아지 진드기약 바르는 해충방지제,2
354,0bab,오리젠 어덜트 오리지날 6kg (소분봉투+천연수제간식 선물),5
355,ekzm,수퍼펫 대형견 더블식탁 L 블랙,3
356,godq,오리젠 퍼피 11.4kg (소분봉투+천연수제간식 선물),5
357,lhj1,네이처스 로직 치킨 독 포뮬라 2kg,4
358,kbhs,오리젠 어덜트 오리지날 2kg (천연수제간식 선물),3
359,yuns,오리젠 어덜트 오리지날 11.4kg (소분봉투+천연수제간식 선물),5
360,sean,로투스 오븐베이크 홀리스틱 시니어 2.27kg,1
361,bb2h,구루머스 치킨츄 1P 대형견용 X 5개,5
362,dku2,오리젠 시니어 6kg (소분봉투+천연수제간식 선물),5
363,ehrq,오리젠 6-피쉬 독 6kg (소분봉투+천연수제간식 선물),5
364,cjsx,네이쳐스 버라이어티 인스팅트 RBK 장건강 기능성사료 1.8kg,5
365,john,오리젠 6-피쉬 독 2kg (천연수제간식 선물),1
366,qwkd,네이처스 로직 정어리 독 포뮬라 2kg,5
367,ma19,빅스비 영양제 60g,5
368,yell,빅스비 영양제 60g,1
369,skyt,원올 슬리커 브러쉬 미디움 M,4
370,eunm,네이쳐스 버라이어티 인스팅트 RBK 오리고기 독 1.8kg,5
371,ehty,엄마의도시락 사사미져키간식 300g,4
372,sjm1,"퓨리나 프로플랜 토이브리드 토이베이비 퍼피 2.27kg /스타터,이유식사료",1
373,yaho,네이쳐스 버라이어티 인스팅트 LID 연어 9kg,5
374,shin,프루터블 저칼로리 식물성 저알러지 강아지쿠키 오리지널 198g,1
375,ghos,에스비락 강아지 초유분유 대용량 340g,5
376,hfv7,바이오클 바이오클펫 4L 치아염소산수 무향 탈취제,3
377,dool,코코브라운 베이킹소다 천연항균 탈취제 550ml,5
378,glts,오리젠 6-피쉬 독 2kg (천연수제간식 선물),4
379,gohy,나우 스몰브리드 샘플 30g,4
380,ybs0,어스본 홀리스틱 그레인프리 코스탈캐치 12kg+돼지귀 1P,4
381,elle,오리젠 시니어 6kg (소분봉투+천연수제간식 선물),5
382,digi,오리젠 피트앤트림 체중조절 11.4kg (소분봉투+천연수제간식 선물),5
383,cogu,펫킷 챠밍 스마트 정수기 필터유닛 5개입,5
384,gall,내추럴EX 순수한우 불리스틱 소형 1P,5
385,fcac,오리젠 어덜트 오리지날 6kg (소분봉투+천연수제간식 선물),5
386,sbba,로얄캐닌 골든리트리버 어덜트 16kg,5
387,mcyh,네이쳐스 버라이어티 인스팅트 RBK 장건강 기능성사료 8.1kg,5
388,rl67,오리젠 6-피쉬 독 2kg (천연수제간식 선물),3
389,hosi,필루 스팟온 골드 외부기생충 강아지 진드기약 바르는 해충방지제,5
390,gsh0,나우 스몰브리드 그레인프리 퍼피 2.72kg,5
391,moni,네이쳐스 버라이어티 인스팅트 RBK 장건강 기능성사료 8.1kg,5
392,sams,오리젠 어덜트 오리지날 2kg (천연수제간식 선물),4
393,vern,슈퍼츄 60DAYS 짜먹이는 츄르 스틱 60P,5
394,dmle,풉백 PoopBags 배변봉투 리필 120매(8롤),1
395,toto,오리젠 스몰브리드 1.8kg (천연수제간식 선물),1
396,beab,식스스텝 항산화제 울트라 안티옥시던트 470ml,5
397,zigz,더블리스풀독 리치비치 샴푸 16oz 473ml+30ml덤증정,5
398,sbk3,나우 스몰브리드 그레인프리 어덜트 5.44kg,5
399,lhb0,오리젠 퍼피 2kg (천연수제간식 선물),5
400,djkk,오리젠 시니어 6kg (소분봉투+천연수제간식 선물),5
401,qksx,오리젠 어덜트 오리지날 2kg (천연수제간식 선물),5
402,abc7,퓨어럭스 스텔라 저단백질 신장건강 체중조절 처방식 10kg,5
403,yabo,비타크래프트 도그스틱 1P X 5개 혼합맛,5
404,tlsr,펫슐랭 유산균 바게트츄 120g,4
405,befo,테라카니스 라이트 저칼로리 다이어트 주식캔 400g,1
406,sile,프로락토 유산균 (장기능개선/요거트) 120g,3
407,slas,나우 스몰브리드 그레인프리 퍼피 9.98kg,2
408,bss3,식스스텝 항산화제 울트라 안티옥시던트 470ml,5
409,oopr,아이앤지메딕스 메가소프트310 츄 28g X 5개,5
410,acto,아이앤지메딕스 오메가3 플러스 소프트츄 4츄 X 5봉 (1박스 20츄),5
411,wlsr,네이쳐스 버라이어티 인스팅트 RBK 오리고기 독 1.8kg,3
412,juli,테라카니스 미니캔 그레인프리 강아지주식캔 100g,4
413,tmdv,프론티어 동결건조사료 비프(소고기) 2.8kg (회원혜택+오담100g),4
414,jung,펫크린 순면 항균 면봉 강아지면봉 고양이면봉,5
415,kraf,오리젠 어덜트 오리지날 11.4kg (소분봉투+천연수제간식 선물),4
416,chfh,나우 스몰브리드 그레인프리 어덜트 5.44kg,1
417,wetc,퓨어럭스 스텔라 저단백질 신장건강 체중조절 처방식 10kg,5
418,814b,펫모닝 동물 쫄쫄이 토이(임의배송) PMD-114,5
419,yoon,그리니즈 티니 치석제거 덴탈껌 43P 340g,5
420,rlax,아몬스 프리미엄 논슬립 애견패드 소형 50매,5
421,dudu,패리스독 흥미유발토이2 (랜덤발송),4
422,kyr0,더블리스풀독 플래리스피니쉬 컨디셔너 16oz 473ml+30ml덤증정,5
423,dogo,쥬쥬베 강아지 막대사탕 봉제 장난감(14cm),1
424,yui9,부들부들 에코랜드 귀세정제 120ml,1
425,jjoo,부들부들 에코랜드 이어크리닝 패드(귀세정 이어클리너) 40매,5
426,hin0,부들부들 에코랜드 이어크리닝 패드(귀세정 이어클리너) 40매,5
427,jeen,롬영양제 롬헬스 사슴녹용 천연영양제 시니어(롱제비티) 30g,3
428,osun,네추럴코어 치즈&브림 요구르트 27g,5
429,xodh,인네이처 리얼비프 1P (국내산원육 50%이상함유 저키스틱),5
430,o2gi,문경 바사삭 구운황태 50g,4
431,teri,아이앤지메딕스 오메가3 플러스 소프트츄 4츄 X 5봉 (1박스 20츄),5
432,larv,아이앤지메딕스 메가소프트310 츄 28g X 5개,5
433,cabi,자연느낌 순오리고기 슬라이스/ 순 닭가슴살 슬라이스 200g 원물그대로 천연수제간식,1
434,comp,마이크로신 눈세정제 120ml,5
435,jkle,내추로 습식사료 시니어(노령견용) 버라이어티팩 400gX4개입 1.6kg,4
436,anna,더블리스풀독 바디앤바운스 샴푸 16oz 473ml+30ml덤증정,5
437,53hy,트라이벌 프레쉬 프레스트 독푸드 샘플,5
438,lieb,오리젠 시니어 11.4kg (소분봉투+천연수제간식 선물),5
439,jsy0,나우 스몰브리드 그레인프리 어덜트 5.44kg,2
440,leez,로얄캐닌 스타터 8.5kg 이유식사료,3
441,wkda,원올 슬리커 브러쉬 미디움 M,3
442,leey,페로가토 노즈워크 장난감 원통형,3
443,luck,나우 스몰브리드 피쉬 어덜트 1.36kg,4
444,jkss,나우 스몰브리드 그레인프리 어덜트 2.72kg,5
445,ohsu,나우 스몰브리드 그레인프리 퍼피 2.72kg,5
446,enji,덴탈헬스 강아지 치석제거 덴탈껌 민트맛 12pX10개,5
447,ccij,오리젠 시니어 6kg (소분봉투+천연수제간식 선물),1
448,huns,오리젠 피트앤트림 체중조절 2kg (천연수제간식 선물),5
449,pcy6,오리젠 피트앤트림 체중조절 6kg (소분봉투+천연수제간식 선물),1
450,chun,칼리 라텍스 스위티 (색상 랜덤발송),5
451,ckal,나우 스몰브리드 그레인프리 어덜트 5.44kg,4
452,hoho,그린트리 강아지샴푸샴푸 500ml 동백오일 아르간오일 호호바오일,5
453,dlgy,"그린트리 대용량 샴푸 3.75L (실리콘,알콜,방부제,파라벤 FREE)",5
454,swee,"그린트리 대용량 샴푸 3.75L (실리콘,알콜,방부제,파라벤 FREE)",4
455,wlsg,댕기머리 알프레독 제너럴 샴푸&린스 [알로에+라벤다] 500g,5
456,kjw3,그린트리 강아지샴푸샴푸 500ml 동백오일 아르간오일 호호바오일,5
457,song,더블리스풀독 바이바이부부 샴푸 16oz 473ml+30ml덤증정,5
458,rueh,아일오브독스 에브리데이 클린코팅 샴푸 500ml,4
459,o0oj,퓨어럭스 스텔라 저단백질 신장건강 체중조절 처방식 10kg,5
460,kes4,나우 스몰브리드 그레인프리 어덜트 9.98kg,5
461,jist,비타크래프트 도그스틱 1P X 5개 혼합맛,5
462,uad3,조인트맥스 트리플 스트랭스 120 츄어블 / 바이오틱스 2p 증정,5
463,lime,고 솔루션 LID 연어 레시피 9.98kg,5
464,po97,아이앤지메딕스 메가소프트310 츄 28g X 5개,4
465,kjhy,오리젠 퍼피 2kg (천연수제간식 선물),4
466,mky0,오리젠 피트앤트림 체중조절 6kg (소분봉투+천연수제간식 선물),5
467,danj,네이처벳 티어스테인 루테인 플러스 파우더 113g [눈물지우개/눈영양제],2
468,ynlo,비스코티 천연 강아지쿠키 기능성비스켓 800g,1
469,elec,조인트맥스 트리플 스트랭스 120 츄어블 / 바이오틱스 2p 증정,3
470,kimr,브레이버리 그레인프리 저알러지 강아지사료 2kg,1
471,seun,캐니소스 그랑크뤼 저온건조 홀리스틱사료 2kg,4
472,skys,벨포아 홀리스틱 곤충단백질 인섹트사료 3kg+선물선택,3
473,mun1,투메케 뉴질랜드 천연 강아지간식 송아지 양지살 100g,4
474,poor,아이앤지메딕스 오메가3 플러스 소프트츄 4츄 X 5봉 (1박스 20츄),5
475,righ,투메케 뉴질랜드 천연 강아지간식 황소스틱 불리스틱 오리지날 50g,5
476,opop,트라이벌 프레쉬 프레스트 오리 2kg 스몰브리드,1
477,jung,ANF [전분없는 진짜 가죽껌] 화이트 밀크 스틱 4P [천연 물소가죽],5
478,kraf,데크라 덴티스츄 커트형 덴탈껌 284g,3
479,chfh,비타크래프트 트리트바이트 리버소세지 120g,1
480,wetc,오리젠 어덜트 오리지날 2kg (천연수제간식 선물),4
481,814b,롬영양제 롬헬스 사슴녹용 천연영양제 시니어(롱제비티) 30g,5
482,yoon,벨포아 홀리스틱 곤충단백질 인섹트사료 3kg+선물선택,4
483,rlax,네이쳐스 버라이어티 인스팅트 생식본능 독 캔 375g,5
484,dudu,네츄럴코어 강아지 베네 M32 7.2kg 가수분해 오리고기,5
485,kyr0,스마트본 치킨&고구마 덴탈껌 16P,5
486,dogo,스마트본 치킨&밀크 덴탈껌 16P,5
487,yui9,오리젠 피트앤트림 체중조절 2kg (천연수제간식 선물),4
488,jjoo,오리젠 피트앤트림 체중조절 2kg (천연수제간식 선물),4
489,hin0,네이쳐스 버라이어티 인스팅트 RBK 장건강 기능성사료 1.8kg,5
490,jeen,필루 스팟온 골드 외부기생충 강아지 진드기약 바르는 해충방지제,1
491,osun,프루터블 후레쉬 덴탈 치아관리 츄어블껌,3
492,xodh,네이쳐스 버라이어티 인스팅트 RBK 장건강 기능성사료 8.1kg,5
493,o2gi,오리젠 피트앤트림 체중조절 6kg (소분봉투+천연수제간식 선물),4
494,teri,비타크래프트 트리트바이트 리버소세지 120g,3
495,larv,비타크래프트 도그스틱 빗츠 슈퍼푸드 연어+호박+로즈마리 70g,5
496,cabi,오리젠 피트앤트림 체중조절 2kg (천연수제간식 선물),5
497,comp,캐니소스 그랑크뤼 저온건조 홀리스틱사료 2kg,1
498,jkle,캐니소스 그랑크뤼 저온건조 홀리스틱사료 2kg,5
499,anna,쥬쥬베 배변봉투 리필 3P 풉백리필 풉백 똥츄리필 블랙,4
500,53hy,테라카니스 카니레오 치킨 1kg,5
501,lieb,고 솔루션 LID 스몰브리드 연어 레시피 2.72kg,3
502,jsy0,프로덴 플라그오프 덴탈케어 본 치석제거 덴탈껌,5
503,leez,투메케 뉴질랜드 천연 강아지간식 양고기내장 100g,5
504,wkda,투메케 뉴질랜드 천연 강아지간식 양고기내장 100g,5
505,cord,필루 스팟온 골드 외부기생충 강아지 진드기약 바르는 해충방지제,3
506,pnkl,맥아담스 자연방목 치킨 미디움바이트 10kg,5
507,lees,네이쳐스 버라이어티 인스팅트 RBK 장건강 기능성사료 8.1kg,5
508,cang,바이탈에센셜 동결건조트릿 토끼바이트 56.7g,5
509,syju,네이처스 로직 치킨 독 포뮬라 2kg,5
510,spma,오리젠 퍼피 6kg (소분봉투+천연수제간식 선물),5
511,yang,네츄럴코어 홀리스틱 허브 가수분해 연어 400g,1
512,sork,캐니소스 그랑크뤼 저온건조 홀리스틱사료 2kg,5
513,poli,나우 스몰브리드 피쉬 어덜트 1.36kg,4
514,skgm,포켄스 덴탈스틱 후레쉬 덴탈껌 블루베리 큰별 220g,3
515,chjf,캐니소스 그랑크뤼 저온건조 홀리스틱사료 2kg,4
516,lszz,벨포아 홀리스틱 곤충단백질 인섹트사료 3kg+선물선택,5
517,a109,벨포아 홀리스틱 곤충단백질 인섹트사료 3kg+선물선택,1
518,sin5,캐니소스 그랑크뤼 저온건조 홀리스틱사료 2kg,5
519,hani,크리스크리스텐슨 슬리커 브러쉬 마크 III 라지,5
520,byeo,테라코트 영양제 400g,5
521,dais,나우 스몰브리드 그레인프리 어덜트 5.44kg,5
522,dofy,패리스독 힐링캠프 엘리자베스 넥카라,5
523,miin,오리젠 어덜트 오리지날 2kg (천연수제간식 선물),5
524,whit,"마우로 펫케어 리브인 컨디셔너(아르간 오일,보습,해충방지용) 3,785ml",5
525,cert,빅스비 포켓트레이너 그레인프리 훈련용 트릿 170g 저칼로리 훈련간식,5
526,rty7,원올 슬리커 브러쉬 라지,5
527,mym0,마우로 펫케어 에센셜 엘레멘트 샴푸 오리지널 아르간오일 532ml,1
528,goeu,꺼내주세요 열빙어 동결건조 80g,5
529,marc,오리젠 6-피쉬 독 6kg (소분봉투+천연수제간식 선물),4
530,cafm,오리젠 어덜트 오리지날 2kg (천연수제간식 선물),5
531,reds,벅스펫 베지믹스 국내산 야채 후레이크 250g,5
532,hsh6,벅스펫 베지믹스 국내산 야채 후레이크 250g,5
533,stel,고 솔루션 LID 칠면조 레시피 9.98kg,5
534,gusa,빅스비 영양제 조인트 관절 60g,4
535,gouy,나우사료 그레인프리 스몰브리드 시니어 2.7kg (2.72kg),5
536,dohe,프라이멀 동결건조 케나인 포크(돼지) 156g,5
537,loui,인영양제(면역강화/피부모질 영양제) 3kg,5
538,lsm7,스텔라앤츄이스 로우코티드 키블 스몰브리드 치킨 1.6kg+선물선택,4
539,ujin,나우 스몰브리드 피쉬 어덜트 9.98kg,5
540,ywoo,덴탈헬스 강아지 치석제거 덴탈껌 민트맛 12pX10개,5
541,dash,퓨어럭스 스텔라 저단백질 신장건강 체중조절 처방식 1.8kg,5
542,jsg9,나우 스몰브리드 피쉬 어덜트 9.98kg,5
543,ngrk,멍킨 도넛츄 4P 오래먹는 맛있는 고기껌 오리 200g 4P,5
544,icar,고 솔루션 LID 스몰브리드 연어 레시피 9.98kg,2
545,meac,도기맨 허니스마일 손잡이 얼굴참빗 (HS-55),5
546,kjon,고 솔루션 LID 스몰브리드 연어 레시피 9.98kg,5
547,lll0,두부랑캣츠 이코노미 오리지날 무향(두부모래) 7L X 6개,1
548,ldhl,나우 스몰브리드 샘플 30g,1
549,zhen,나우 스몰브리드 피쉬 어덜트 2.7kg,1
550,milk,오리젠 어덜트 오리지날 2kg (천연수제간식 선물),5
551,kdhc,오리젠 퍼피 6kg (소분봉투+천연수제간식 선물),3
552,bara,"로즈힙 바이탈 케이나인 150g (3in1 관절,항산화,피부영양제)",5
553,sofi,워프 동결건조 강아지사료 소고기 280g,5
554,pgsa,퓨어럭스 스텔라 저단백질 신장건강 체중조절 처방식 10kg,5
555,skql,"아몬스 엑설런트 특대형 패드 20매 x 6개 세트(총120매, 76x60cm)",5
556,qkfa,구루머스 치킨츄 7P x 5개,1
557,good,워프 동결건조 강아지사료 소고기 280g,5
558,jsa1,나우 스몰브리드 피쉬 어덜트 5.44kg,5
559,gjwh,워프 동결건조 강아지사료 소고기 280g,5
560,agii,워프 동결건조 강아지사료 소고기 280g,5
561,alqn,워프 동결건조 강아지사료 소고기 280g,5
562,qudw,오리젠 어덜트 오리지날 6kg (소분봉투+천연수제간식 선물),5
563,srlo,나우 스몰브리드 그레인프리 어덜트 5.44kg,4
564,bjyo,오리젠 어덜트 오리지날 6kg (소분봉투+천연수제간식 선물),5
565,pyun,오리젠 6-피쉬 독 6kg (소분봉투+천연수제간식 선물),4
566,tag1,펫밥 그레인프리 육즙그대로 패티사료 소고기 1.2kg,5
567,bhr0,식스스텝 항산화제 울트라 안티옥시던트 470ml,5
568,lymp,"뉴트리벳 블래더컨트롤 방광,결석,신장,비뇨기질환 영양보조제 90츄어블",5
569,ss36,오리젠 시니어 6kg (소분봉투+천연수제간식 선물),5
570,real,로얄캐닌 골든리트리버 어덜트 16kg,5
571,leec,고 솔루션 LID 스몰브리드 연어 레시피 2.72kg,5
572,alpo,호산펫 강아지 살균티슈 워터리스 바디티슈 물티슈 130매,1
573,jell,프로플랜 퍼포먼스 23kg,2
574,sjan,부들부들 에코랜드 이어크리닝 패드(귀세정 이어클리너) 40매,1
575,sin0,헥스 터키츄 칠면조와 소고기 힘줄 간식 로프 M,5
576,heal,벳엑티브8 신바이오틱 부스트 500억 유산균 장건강영양제 250g,5
577,unis,나우 스몰브리드 그레인프리 어덜트 5.44kg,5
578,qwer,로얄캐닌 라브라도리트리버 어덜트 12kg,5
579,mano,로얄캐닌 골든리트리버 어덜트 16kg,5
580,thdw,네이쳐스 버라이어티 인스팅트 RBK 장건강 기능성사료 8.1kg,5
581,kids,로얄캐닌 맥시 어덜트 16kg,1
582,kent,더블리스풀독 바이바이부부 샴푸 16oz 473ml+30ml덤증정,1
583,twin,로얄캐닌 스타터 8.5kg 이유식사료,4
584,inh1,오리젠 6-피쉬 독 6kg (소분봉투+천연수제간식 선물),1
585,rain,로얄캐닌 골든리트리버 어덜트 16kg,5
586,xook,나우 스몰브리드 피쉬 어덜트 2.7kg,5
587,w_ch,고 솔루션 LID 스몰브리드 연어 레시피 2.72kg,3
588,hwle,오리젠 어덜트 오리지날 1kg (유통기한 22년 11월),5
589,hhh2,브레이버리 그레인프리 저알러지 강아지사료 2kg,5
590,ligu,내추로 습식사료 시니어(노령견용) 버라이어티팩 400gX4개입 1.6kg,4
591,koh5,맥아담스 자연방목 치킨 미디움바이트 10kg,3
592,minj,(1+1행사) ZOE 조이 파테 강아지 습식사료 주식캔 369g,3
593,pjc8,테라카니스 디톡스 야채퓨레 400g,4
594,lyjk,프루터블 호박퓨레 다이어트&체중조절 425g,5
595,ezon,로얄캐닌 골든리트리버 어덜트 16kg,5
596,hdhk,나우 스몰브리드 그레인프리 어덜트 5.44kg,2
597,todi,나우 스몰브리드 그레인프리 퍼피 5.44kg (유통기한 22년 11월),5
598,jaeh,프로덴 플라그오프 덴탈케어 본 치석제거 덴탈껌,5
599,adio,헥스 터키츄 칠면조와 소고기 힘줄 간식 로프 M,3
600,vant,헥스 터키츄 칠면조와 소고기 힘줄 간식 로프 M,1
601,eano,워프 동결건조 강아지사료 소고기 280g,3
602,mjfj,오리젠 퍼피 11.4kg (소분봉투+천연수제간식 선물),3
603,idra,인핸서 관절영양제 (340g),5
604,css0,초심 최고급 강아지패드 절약형 20g (40X50cm) 100매,1
605,kuki,프로락토 유산균 (장기능개선/요거트) 120g,5
606,cidd,테라코트 영양제 400g,5
607,hana,마우로 펫케어 핫스팟 힐링(에센셜오일)솔루션 30ml,5
608,twot,로얄캐닌 맥시 어덜트 16kg,5
609,hssu,나우 스몰브리드 그레인프리 어덜트 5.44kg,3
610,andr,테라카니스 순살고기가득 퓨어미트 400g,3
611,econ,테라카니스 순살고기가득 퓨어미트 400g,5
612,bmy1,네이쳐스 버라이어티 인스팅트 토끼 1.8kg,2
613,cond,"네이처스 로직 호박 퓌레 425g (비타민,소화,다이어트,항산화)",4
614,pghc,"네이처스 로직 호박 퓌레 425g (비타민,소화,다이어트,항산화)",1
615,dltj,아몬스 엑설런트 특대형 패드 20매,3
616,qlqk,풉백 PoopBags 배변봉투 리필 120매(8롤),4
617,idcl,아몬스 프리미엄 논슬립 애견패드 소형 50매 X 6개 (300매),5
618,sulh,"아몬스 엑설런트 특대형 패드 20매 x 6개 세트(총120매, 76x60cm)",3
619,kims,맥아담스 자연방목 치킨과연어 미디움바이트 10kg,3
620,hayo,오리젠 6-피쉬 독 6kg (소분봉투+천연수제간식 선물),5
621,cord,나우 스몰브리드 그레인프리 어덜트 2.72kg,1
622,pnkl,펫슐랭 유산균 바게트츄 120g,5
623,lees,펫슐랭 유산균 바게트츄 120g,5
624,cang,원올 슬리커 브러쉬 미디움 M,4
625,syju,오리젠 어덜트 오리지날 6kg (소분봉투+천연수제간식 선물),4
626,spma,나우 스몰브리드 그레인프리 어덜트 5.44kg,4
627,yang,데크라 덴티스츄 커트형 덴탈껌 284g,5
628,sork,아이누 저알러지 그레인프리 강아지사료 2kg 3종,5
629,poli,ANF [전분없는 진짜 가죽껌] 화이트 밀크 스틱 4P [천연 물소가죽] X 5개 SET,5
630,skgm,나우 스몰브리드 피쉬 어덜트 2.7kg,5
631,chjf,네이처스 로직 치킨 독 포뮬라 2kg,4
632,lszz,간식의정석 리얼져키 육포트릿 큐브타입 간식 180g,5
633,a109,간식의정석 리얼져키 육포트릿 큐브타입 간식 180g,4
634,sin5,간식의정석 리얼져키 육포트릿 큐브타입 간식 180g,3
635,hani,수파 비건100% 영국산 기능성 덴탈스틱 100g,1
636,byeo,니나오토슨 아웃워드하운드 지능개발 코놀이 노즈워크장난감,1
637,dais,어스본 홀리스틱 그레인프리 고양이사료 6kg,5
638,dofy,오리젠 퍼피 11.4kg (소분봉투+천연수제간식 선물),1
639,miin,오리젠 퍼피 11.4kg (소분봉투+천연수제간식 선물),5
640,whit,펫슐랭 유산균 바게트츄 120g,5
641,cert,버박 미니 칫솔 [색상 랜덤발송],5
642,rty7,펫슐랭 유산균 바게트츄 120g,5
643,mym0,펫슐랭 유산균 바게트츄 120g,5
644,goeu,나우사료 그레인프리 어덜트 1.36kg,2
645,marc,버박 C.E.T 이중효소 치약(닭고기맛) 70g,1
646,cafm,나우 스몰브리드 그레인프리 어덜트 5.44kg,4
647,grac,오담 강아지화식 피부&눈건강 연어와 흰살생선 1kg,1
648,hivn,내추로 그레인프리 습식사료 주식캔 390g,5
649,eans,NEW 신상 런치 보니또 촉촉한 순살간식 20g,1
650,myhy,"임비타 노령견 면역력 천연영양제 500g (면역, 관절, 유산균)",5
651,cuba,나우 스몰브리드 그레인프리 어덜트 2.72kg,5
652,airl,펫슐랭 쉐프의레시피 육포트릿 대용량 훈련간식 800g,5
653,swyu,펫슐랭 유산균 바게트츄 120g,5
654,02-0,펫슐랭 유산균 바게트츄 120g,5
655,didi,덴탈헬스 강아지 치석제거 덴탈껌 민트맛 12pX10개,5
656,irur,아미티 로우그레인 하이포알러제닉 이베리안 포크 14kg (회원혜택 10%),3
657,ima3,아몬스 명품 프리미엄 패드 50매(48x40cm) 6개 세트,1
658,xxxg,오리젠 6-피쉬 독 6kg (소분봉투+천연수제간식 선물),5
659,dnfl,크래니멀 크렌베리 영양제 오리지날(요로건강 유리너리) 60g,4
660,gyqc,경보제약 르뽀떼 이바네츄 치석제거 덴탈껌 100g,5
661,hong,원더푸드 요거바이트 동결건조 요거트(유산균+칼슘함유) 브로콜리 20P,5
662,dibd,비타크래프트 도그스틱 빗츠 슈퍼푸드 연어+호박+로즈마리 70g,5
663,hhu9,(2+1행사) 뉴질랜드에서 자연방목한 에어드라이 천연간식 롬트릿 100g,5
664,pont,비타크래프트 도그스틱 빗츠 슈퍼푸드 연어+호박+로즈마리 70g,3
665,phss,딩고나투라 모멘츠 기능성 덴탈껌 (100%천연원료 / 70%이상 육류함유) 미니 500g,4
666,seon,비타크래프트 도그스틱 빗츠 슈퍼푸드 연어+호박+로즈마리 70g,5
667,soom,ANF 리얼트릿 치즈칩 80g 종,3
668,m2ma,헥스 터키츄 칠면조와 소고기 힘줄 간식 로프 M,4
669,rest,ANF 리얼트릿 치즈칩 80g 종,5
670,mj05,아이엠프레쉬 6인치 롱스틱 진짜 고기가득담은 기능성 육포(칭찬간식 노즈워크간식) 300g,5
671,matr,데크라 아임츄 덴티스츄 강아지덴탈 치석제거 껌간식 스틱형 (레귤러) 283g,5
672,is5j,스마트본 플레이타임츄 치킨&피넛버터 볼 미니 10P,3
673,agai,카니러브 트루프레쉬 그레인프리 생육사료 11.4kg+롬트릿 본품증정,1
674,alwk,나우 스몰브리드 그레인프리 어덜트 9.98kg,1
675,jjun,설포덴 연고 56.7g,4
676,uyuc,"데크라 말아세틱 오틱 클렌져 귀세정제 118ml (외이염,귀곰팡이,검은귀지)",3
677,skyp,그린트리 동백오일 샴푸 500㎖ 보습력강화로 부드럽게 윤기나는 실키테라피,5
678,only,식스스텝 밀크씨슬 100ml+프로바이오틱스 30포,5
679,ydh1,내추로 습식사료 시니어(노령견용) 버라이어티팩 400gX4개입 1.6kg,5
680,tjsr,내추로 습식사료 시니어(노령견용) 버라이어티팩 400gX4개입 1.6kg,5
681,snow,네이처스 버라이어티 인스팅트 RBK 시니어 1.8kg,5
682,adiv,로투스 캣 고양이 그레인프리 파테 주식캔 78g X 12개,5
683,zzmm,트라이벌 프레쉬 프레스트 오리 2kg 스몰브리드,5
684,beag,"퍼즈야드 브리스 겔 115ml (편안한호흡, 구취, 리버스스니징 증상완화/예방)",4
685,wjdg,마이독 스테이크 무항생제 오리 320g,4
686,nonp,스텔라앤츄이스 디너패티 동결건조 미니팩 샘플 1P,5
687,dbql,패리스독 스포츠볼 간식놀이 러버토이 럭비공 노즈워크장난감,5
688,cena,쥬쥬베 펫타올 (스포츠타올 흡수령 킹왕짱! 66cm*43cm/색상 랜덤발송),4
689,puni,ANF [전분없는 진짜 가죽껌] 화이트 밀크 스틱 4P [천연 물소가죽],2
690,ssun,네추럴코어 체다치즈&브림 27g,5
691,codu,간식의정석 리얼져키 육포트릿 큐브타입 간식 180g,4
692,7act,로얄캐닌 맥시 스타터 15kg,4
693,lusi,네이쳐스 버라이어티 인스팅트 RBK 헬시웨이트 독 9kg,4
694,ukno,나우 스몰브리드 피쉬 어덜트 9.98kg,5
695,jins,로투스 캣 고양이 그레인프리 파테 주식캔 78g X 12개,5
696,jkh9,로투스 캣 고양이 그레인프리 파테 주식캔 78g X 12개,5
697,ohks,로투스 캣 고양이 그레인프리 파테 주식캔 78g X 12개,5
698,0bab,나우 스몰브리드 그레인프리 시니어 9.98kg,5
699,ekzm,비타크래프트 자이언트 강아지 소세지 1kg,1
700,godq,플라이독 패드 특대형 20매 (60 X 76cm) 6개 (총 120매),5
701,lhj1,프롬네이쳐 연어 마블사사미 슬라이스 300g,5
702,kbhs,마이독 스테이크 청정연어 320g,5
703,yuns,네추럴코어 천연 오리가슴살 트위스트 180g,5
704,sean,펫인클로버 명태쫀드기 다이어트 영양간식 30g (고단백 명태순살+프리바이오틱스),5
705,bb2h,콩 에어독 본 장난감 (테니스뼈다귀/소리나는장난감) 스큐이컬 본 스몰,2
706,dku2,트로피클린 후레쉬 민트폼 거품치약 133ml,5
707,ehrq,아일오브독스 에브리데이 러쉬코팅 샴푸 500ml,5
708,cjsx,크래니멀 크렌베리 영양제 오리지날(요로건강 유리너리) 60g,5
709,john,에스비락 강아지 초유분유 대용량 340g,5
710,qwkd,워프 동결건조 강아지사료 소고기 280g,4
711,ma19,오리젠 6-피쉬 독 6kg (소분봉투+천연수제간식 선물),5
712,yell,로얄캐닌 맥시 어덜트 16kg,5
713,skyt,초심 최고급 강아지패드 절약형 20g (40X50cm) 100매X4개 400매 1박스,5
714,eunm,네추라 너리쉬 덴탈토이 치석제거 간식장난감 공룡 스테고사우르스,5
715,ehty,아몬스 명품 프리미엄 패드 50매(48x40cm) 6개 세트,5
716,sjm1,나우 스몰브리드 그레인프리 시니어 9.98kg,4
717,yaho,식스스텝 식스스텝 아이케어 빌베리&루테인 30포 60g 눈영양제 눈물영양제,5
718,shin,크래니멀 크렌베리 영양제 오리지날(요로건강 유리너리) 60g,3
719,ghos,네추라 너리쉬 덴탈토이 치석제거 간식장난감 공룡 스테고사우르스,1
720,hfv7,네추라 너리쉬 덴탈토이 치석제거 간식장난감 공룡 스테고사우르스,5
721,dool,네추라 너리쉬 덴탈토이 치석제거 간식장난감 공룡 스테고사우르스,1
722,glts,롬영양제 롬헬스 사슴녹용 천연영양제 시니어(롱제비티) 30g,1
723,gohy,이볼브 그레인프리 칠면조 12.7kg,5
724,ybs0,벳엑티브8 조인트헬스 관절영양제 450g,5
725,elle,오리젠 어덜트 오리지날 6kg (소분봉투+천연수제간식 선물),2
726,digi,맥아담스 자연방목 치킨과연어 미디움바이트 10kg,5
727,cogu,아이앤지메딕스 오메가3 플러스 소프트츄 4츄 X 5봉 (1박스 20츄),2
728,gall,비타크래프트 도그스틱 빗츠 슈퍼푸드 연어+호박+로즈마리 70g,5
729,fcac,테라카니스 디톡스 야채퓨레 400g,5
730,sbba,테라카니스 디톡스 야채퓨레 400g,5
731,mcyh,테라카니스 디톡스 야채퓨레 400g,5
732,rl67,패리스독 라텍스토이 마카롱,4
733,hosi,패리스독 동물가족 라텍스토이 (종류랜덤출고),3
734,gsh0,티티펫 고스트마우스(조커마우스) 삑삑이 강아지장난감(색상랜덤발송),1
735,moni,패리스독 오션애니멀 라텍스토이 [종류 랜덤발송],5
736,sams,아몬스 VIP 패드 50매 [48cm x 세로 40cm] X 4개 SET,1
737,vern,(1+1행사) ZOE 조이 파테 강아지 습식사료 주식캔 369g,5
738,dmle,(1+1행사) ZOE 조이 파테 강아지 습식사료 주식캔 369g,1
739,toto,(2+1행사) 이즈그림 육류 97% 습식사료 주식캔 400g,5
740,beab,(2+1행사) 이즈그림 육류 97% 습식사료 주식캔 400g,3
741,zigz,나우 스몰브리드 그레인프리 퍼피 9.98kg,1
742,sbk3,벨포아 홀리스틱 곤충단백질 인섹트사료 7.5kg+선물선택,5
743,lhb0,로얄캐닌 맥시 어덜트 16kg,5
744,djkk,로얄캐닌 맥시 퍼피 16kg,5
745,qksx,프루터블 후레쉬 덴탈 치아관리 츄어블껌,5
746,abc7,프루터블 저칼로리 식물성 저알러지 강아지쿠키 오리지널 198g,4
747,yabo,(1+1행사) 카니러브 트루프레쉬 그레인프리 생육사료 1.4kg,5
748,tlsr,(1+1행사) 카니러브 트루프레쉬 그레인프리 생육사료 1.4kg,1
749,befo,네추라 너리쉬 치어앤츄 관절건강 디노츄 303g 6P,4
750,sile,로렌스 텐더케어 소프트 슬리커 브러쉬 M,5
751,slas,로우즈 디하이드레이티드 LID 연어 29kg+회원 5%혜택+로우즈습식1개,5
752,bss3,오담 강아지화식 관절건강&체중조절 치킨 1kg,5
753,oopr,로얄캐닌 라브라도리트리버 어덜트 12kg,3
754,acto,어스본 홀리스틱 그레인프리 헬시웨이트 12kg(체중조절용)+돼지귀1P,1
755,wlsr,건강한형제 메가5(메가파이브) 사슴져키 150g (오메가3 사슴고기져키),5
756,juli,오리젠 6-피쉬 독 2kg (천연수제간식 선물),1
757,kimu,멍랩 옐로와펜 목걸이 인식표 이름표 펫티켓 4종,5
758,sen8,멍랩 옐로와펜 목걸이 인식표 이름표 펫티켓 4종,4
759,dh31,"아몬스 엑설런트 특대형 패드 20매 x 6개 세트(총120매, 76x60cm)",5
760,idea,고 솔루션 LID 스몰브리드 연어 레시피 9.98kg,5
761,zxvt,아일오브독스 살롱 스테이클린 샴푸 1갤런 3.79L,5
762,hdh8,헥스 터키츄 칠면조와 소고기 힘줄 간식 로프 M,5
763,77lu,헥스 터키츄 칠면조와 소고기 힘줄 간식 로프 M,4
764,joan,헥스 터키츄 칠면조와 소고기 힘줄 간식 로프 M,5
765,roes,헥스 터키츄 칠면조와 소고기 힘줄 간식 로프 M,1
766,md21,헥스 터키츄 칠면조와 소고기 힘줄 간식 로프 M,5
767,ekdl,식스스텝 오메가 369 스킨앤코트 츄어블 60츄,5
768,hyey,데크라 아임트릿(에피트릿) 가수분해 저알러지 간식 226.8g,1
769,kh90,오리젠 어덜트 오리지날 11.4kg (소분봉투+천연수제간식 선물),5
770,alst,나우 스몰브리드 그레인프리 어덜트 9.98kg,4
771,rhei,콩 에어독 테니스 도넛 소리나는 장난감 스몰,5
772,okny,나우 스몰브리드 그레인프리 어덜트 2.72kg,5
773,cand,오리젠 어덜트 오리지날 11.4kg (소분봉투+천연수제간식 선물),5
774,gggf,로얄캐닌 라브라도리트리버 어덜트 12kg,1
775,chld,나우 스몰브리드 그레인프리 어덜트 2.72kg,3
776,astr,스텔라앤츄이스 치킨 밀믹서 226g+선물선택,2
777,bhhs,오리젠 어덜트 오리지날 6kg (소분봉투+천연수제간식 선물),2
778,tjdg,포켄스 덴티페어리 베트 벳 VET 70g 소포장 3종,5
779,sp81,나우 스몰브리드 그레인프리 시니어 5.44kg,4
780,dldm,사조 옵티원 강아지캔 90g 3종,5
781,dbwl,사조 옵티원 강아지캔 90g 3종,3
782,moho,건강한형제 메가5(메가파이브) 사슴져키 150g (오메가3 사슴고기져키),5
783,me__,사조 옵티원 강아지캔 90g 3종,4
784,cjst,아이앤지메딕스 오메가3 플러스 소프트츄 4츄 X 5봉 (1박스 20츄),5
785,oje1,아이앤지메딕스 메가소프트310 츄 28g X 5개,4
786,syp0,빈티지 오븐프레쉬 오븐베이크 강아지사료 칠면조&청어 2.27g,5
787,m181,빈티지 오븐프레쉬 오븐베이크 강아지사료 칠면조&청어 9kg,5
788,dlwk,든든 동결건조 큐브간식 국내산 동결트릿,5
789,beac,뉴트리벳 프로바이오틱스 100억 (분말스틱형/ 30포),5
790,jina,로얄캐닌 맥시 스타터 15kg,1
791,sjch,네츄럴코어 센시티브케어 채식사료 베지 6kg (1.2kgX5개),5
792,lee_,포켄스 덴티페어리 디스펜서 대용량 낱개포장 박스 3종,2
793,baek,포켄스 덴티페어리 디스펜서 대용량 낱개포장 박스 3종,5
794,kiku,포켄스 덴티페어리 디스펜서 대용량 낱개포장 박스 3종,5
795,carq,포켄스 덴티페어리 디스펜서 대용량 낱개포장 박스 3종,5
796,dkng,포켄스 덴티페어리 디스펜서 대용량 낱개포장 박스 3종,5
797,dbdl,퓨어럭스 스텔라 저단백질 신장건강 체중조절 처방식 1.8kg,5
798,wont,고 솔루션 카니보 연어&대구 레시피 9.98kg,4
799,ida8,고 솔루션 LID 칠면조 레시피 9.98kg,5
800,ultr,고 솔루션 LID 칠면조 레시피 9.98kg,5
801,tndk,펫크린 손발똥꼬크린 강아지물티슈 80매,4
802,san0,펫크린 손발똥꼬크린 강아지물티슈 80매,4
803,fora,아이누 저알러지 그레인프리 강아지사료 20kg(브리더용 대용량 무지팩),3
804,klov,나우 스몰브리드 피쉬 어덜트 2.7kg,1
805,flym,네츄럴코어 유기농70% 슬림다운 다이어트 6kg 가수분해 사료,5
806,woak,더블리스풀독 바이바이부부 샴푸 16oz 473ml+30ml덤증정,5
807,eebb,"아몬스 엑설런트 특대형 패드 20매 x 6개 세트(총120매, 76x60cm)",5
808,dmsf,덴탈헬스 강아지 치석제거 덴탈껌 치즈맛 12pX10개,5
809,cgco,로얄캐닌 골든리트리버 어덜트 16kg,5
810,wnsd,"아몬스 엑설런트 특대형 패드 20매 x 6개 세트(총120매, 76x60cm)",1
811,aar1,내추로 그레인프리 습식사료 주식캔 390g,5
812,babo,고 솔루션 LID 칠면조 레시피 2.72kg,5
813,chle,나우사료 그레인프리 스몰브리드 시니어 2.7kg (2.72kg),5
814,srlo,벨포아 홀리스틱 곤충단백질 인섹트사료 3kg+선물선택,1
815,bjyo,로얄캐닌 스타터 베이비독 16kg 이유식사료,1
816,pyun,원올 슬리커 브러쉬 라지,5
817,tag1,원올 슬리커 브러쉬 라지,5
818,bhr0,덴탈헬스 강아지 치석제거 덴탈껌 치즈맛 12pX10개,4
819,lymp,오리젠 어덜트 오리지날 11.4kg (소분봉투+천연수제간식 선물),5
820,ss36,"아몬스 엑설런트 특대형 패드 20매 x 6개 세트(총120매, 76x60cm)",5
821,real,오리젠 6-피쉬 독 2kg (천연수제간식 선물),5
822,leec,아이앤지메딕스 오메가3 플러스 소프트츄 4츄 X 5봉 (1박스 20츄),2
823,alpo,"마우로 펫케어 리브인 컨디셔너(아르간 오일,보습,해충방지용) 3,785ml",5
824,jell,오리젠 피트앤트림 체중조절 6kg (소분봉투+천연수제간식 선물),3
825,sjan,빈티지 오븐프레쉬 오븐베이크 강아지사료 칠면조&청어 9kg,3
826,sin0,오리젠 어덜트 오리지날 11.4kg (소분봉투+천연수제간식 선물),2
827,heal,오리젠 6-피쉬 독 2kg (천연수제간식 선물),5
828,unis,어스본 홀리스틱 그레인프리 고양이사료 6kg,5
829,qwer,아이누 저알러지 그레인프리 강아지사료 20kg(브리더용 대용량 무지팩),5
830,mano,아이누 저알러지 그레인프리 강아지사료 20kg(브리더용 대용량 무지팩),5
831,thdw,네츄럴코어 유기농70% 가수분해 양고기 10kg,3
832,kids,"아몬스 엑설런트 특대형 패드 20매 x 6개 세트(총120매, 76x60cm)",4
833,kent,프레스키 터키츄 칠면조힘줄 스트립(통) 200g,4
834,twin,오리젠 어덜트 오리지날 6kg (소분봉투+천연수제간식 선물),5
835,inh1,[GO GREEN] 폴스독 로프뼈다귀 (천연소재장난감/81259),5
836,rain,오리젠 6-피쉬 독 2kg (천연수제간식 선물),5
837,xook,구루머스 치킨츄 7P x 5개,1
838,w_ch,나우 스몰브리드 그레인프리 어덜트 9.98kg,5
839,hwle,고 솔루션 LID 스몰브리드 연어 레시피 2.72kg,4
840,hhh2,퓨어럭스 스텔라 저단백질 신장건강 체중조절 처방식 10kg,5
841,ligu,맥아담스 자연방목 치킨과연어 미디움바이트 10kg,1
842,koh5,아일오브독스 에브리데이 실키코팅 스프레이 250ml,1
843,minj,펫스테이지 우드스틱 XS S M L (사이즈 선택),5
844,pjc8,도기프랜드 무독성 100%천연고무 덴탈토이 치발토이 민트향 너츠로프,5
845,lyjk,아이누 저알러지 그레인프리 강아지사료 5kg,4
846,ezon,프루터블 후레쉬 덴탈 치아관리 츄어블껌,5
847,hdhk,프루터블 저칼로리 식물성 저알러지 강아지쿠키 오리지널 198g,5
848,todi,오리젠 6-피쉬 독 2kg (천연수제간식 선물),5
849,jaeh,고 솔루션 LID 스몰브리드 연어 레시피 9.98kg,5
850,adio,오리젠 퍼피 11.4kg (소분봉투+천연수제간식 선물),5
851,vant,네추라 너리쉬 덴탈트릿 트릭리필,5
852,eano,테라카니스 카니레오 치킨 1kg,5
855,mjfj,오리젠 퍼피 11.4kg (소분봉투+천연수제간식 선물),5
856,idra,로얄캐닌 골든리트리버 어덜트 16kg,5
857,css0,비타크래프트 도그스틱 1P X 50P (1박스) 혼합맛,5
858,kuki,오리젠 어덜트 오리지날 11.4kg (소분봉투+천연수제간식 선물),5
859,cidd,네츄럴코어 짜먹는 러비츄 기능성츄르 멀티팩 21P,1
860,hana,네추라 너리쉬 덴탈토이 치석제거 간식장난감 공룡 스테고사우르스,1
861,twot,네추라 너리쉬 덴탈토이 치석제거 간식장난감 공룡 스테고사우르스,1
862,hssu,네츄럴코어 짜먹는 러비츄 기능성츄르 멀티팩 21P,5
863,andr,네츄럴코어 짜먹는 러비츄 기능성츄르 멀티팩 21P,5
864,econ,네이쳐스 버라이어티 인스팅트 LID 연어 9kg,5
865,bmy1,아이앤지메딕스 뉴플렉스 아이즈케어 120T,1
866,cond,네이쳐스 버라이어티 인스팅트 RBK 장건강 기능성사료 8.1kg,5
867,pghc,크라운로얄 그루밍 파우더 섬세/중간모발용 모발용 450g,5
868,dltj,내추로 습식사료 시니어(노령견용) 버라이어티팩 400gX4개입 1.6kg,5
869,qlqk,펫슐랭 유산균 바게트츄 120g,5
870,idcl,스마트본 치킨&고구마 덴탈껌 16P,5
871,sulh,스마트본 치킨&피넛버터 덴탈껌 16P,4
872,kims,네추럴코어 천연닭가슴살 닭연골 17S 40g,5
873,reds,팜내츄럴 발포껌 사사미 크런치 치킨껌 5P 180g,5
874,hsh6,구루머스 치킨츄 5P x 5개,2
875,stel,오리젠 피트앤트림 체중조절 11.4kg (소분봉투+천연수제간식 선물),5
876,gusa,아르테미스 제스퍼 연어 져키 (400g),5
877,gouy,펫슐랭 유산균 바게트츄 120g,5
878,dohe,펫슐랭 컨텍트아이즈 180g (눈물증상완화 피부모질개선 면역력 항산화 영양간식),1
879,loui,나우 스몰브리드 그레인프리 어덜트 9.98kg,5
880,priv,"아몬스 엑설런트 특대형 패드 20매 x 6개 세트(총120매, 76x60cm)",5
881,87lu,네이쳐스 버라이어티 인스팅트 LID 연어 9kg,5
882,jowe,네츄럴코어 유기농70% 센시티브 연어 6kg 가수분해 연어사료,5
883,ysle,프루터블 후레쉬 덴탈 치아관리 츄어블껌,5
884,adam,프로덴 플라그오프 덴탈케어 본 치석제거 덴탈껌,5
885,fall,즉시할인) 프로덴 플라그오프 40g,1
886,nain,원올 슬리커 브러쉬 미디움 M,5
887,yoos,"호산펫 피톤치드 편백수&편백오일 강아지,고양이 탈취제 1갤런",5
888,dog_,빈티지 오븐프레쉬 오븐베이크 강아지사료 칠면조&청어 2.27g,1
889,elsi,"네이처스 로직 호박 퓌레 425g (비타민,소화,다이어트,항산화)",3
890,ys11,오리젠 어덜트 오리지날 11.4kg (소분봉투+천연수제간식 선물),5
891,doo1,원올 이어 소우 프레쉬 8oz 236ml /원올이어클렌저/원올귀세정제,5
892,dan6,플렉시 자동줄 자이언트 네온 대형견자동줄 8M,5
893,guiy,데크라 덴티스츄 커트형 덴탈껌 284g,5
894,the_,데크라 아임트릿(에피트릿) 가수분해 저알러지 간식 226.8g,5
895,tjwj,데크라 아임트릿(에피트릿) 가수분해 저알러지 간식 226.8g,5
896,kyj8,데크라 아임트릿(에피트릿) 가수분해 저알러지 간식 226.8g,1
897,idre,데크라 아임트릿(에피트릿) 가수분해 저알러지 간식 226.8g,4
898,pigp,데크라 아임트릿(에피트릿) 가수분해 저알러지 간식 226.8g,1
899,oc21,데크라 덴티스츄 커트형 덴탈껌 284g,1
900,baks,데크라 덴티스츄 커트형 덴탈껌 284g,5
901,qoo4,서울우유 아이펫밀크 프리미엄 180ml X 10개,4
902,thxo,버박 에피오틱 이어크리너 귀세정제 125ml,2
903,koju,구독 고품질 반려동물 배변패드 100매 X 4개,4
904,jmjm,네이쳐스 버라이어티 인스팅트 RBK 장건강 기능성사료 1.8kg,5
905,cass,스텔라앤츄이스 디너패티 동결건조 미니팩 샘플 1P,5
906,kjhd,스마트본 힙&조인트 스틱 기능성 덴탈껌 16P,1
907,ggac,스마트본 플레이타임츄 치킨&피넛버터 볼 미니 10P,5
908,jong,스마트본 치킨&피넛버터 덴탈껌 16P,2
909,oks3,맥아담스 자연방목 치킨과연어 미디움바이트 10kg,5
910,acjw,어니스트키친 그레인프리 칠면조 3.18kg,5
911,stri,오리젠 시니어 6kg (소분봉투+천연수제간식 선물),5
912,ksm6,벅스펫 베지믹스 국내산 야채 후레이크 250g,5
913,leey,수파 비건100% 영국산 기능성 덴탈스틱 100g,5
914,luck,오리젠 어덜트 오리지날 11.4kg (소분봉투+천연수제간식 선물),5
915,jkss,나우 스몰브리드 그레인프리 어덜트 2.72kg,4
916,ohsu,ANF [전분없는 진짜 가죽껌] 화이트 밀크 스틱 27P [천연 물소가죽] X 5개 SET,5
917,enji,로얄캐닌 스타터 베이비독 16kg 이유식사료,1
918,ccij,오리젠 시니어 2kg (천연수제간식 선물),5
919,huns,오리젠 어덜트 오리지날 6kg (소분봉투+천연수제간식 선물),1
920,pcy6,오리젠 시니어 2kg (천연수제간식 선물),4
921,chun,크라운로얄 매직터치 그루밍 스프레이#3 236ml,5
922,ckal,네이처벳 티어스테인 루테인 플러스 파우더 113g [눈물지우개/눈영양제],1
923,hoho,오리젠 어덜트 오리지날 2kg (천연수제간식 선물),5
924,dlgy,나우 스몰브리드 그레인프리 시니어 5.44kg,5
925,swee,내추럴 EX 터키츄 꽈배기 라지,5
926,wlsg,내추럴 EX 터키츄 꽈배기 라지,3
927,kjw3,팜내츄럴 발포껌 사사미껌 치킨스틱껌 8P 60g,1
928,song,팜내츄럴 발포껌 사사미 크런치 오리껌 5P 180g,5
929,rueh,구루머스 치킨츄 1P 대형견용 X 5개,5
930,o0oj,워프 동결건조 강아지사료 소고기 1kg,5
931,kes4,어스본 홀리스틱 그레인프리 코스탈캐치 12kg+돼지귀 1P,1
932,jist,프루터블 저칼로리 식물성 저알러지 강아지쿠키 오리지널 198g,5
933,uad3,스마트본 플레이타임츄 치킨&피넛버터 볼 미니 10P,5
934,lime,스마트본 힙&조인트 스틱 기능성 덴탈껌 16P,5
935,po97,"조인트맥스 크랜베리 디만노스 60츄어블 (결석,요실금,방광,요로,비뇨기질환,블래더)",4
936,kjhy,풉백 PoopBags 손잡이 배변봉투 120매,3
937,mky0,어니스트키친 그레인프리 칠면조 3.18kg,4
938,danj,퓨어럭스 그레인프리 헬시웨이트 독 1.8kg (다이어트/체중조절),5
939,ynlo,내추로 습식사료 시니어(노령견용) 버라이어티팩 400gX4개입 1.6kg,5
940,elec,네이처스 로직 치킨 독 포뮬라 2kg,4
941,kimr,테라카니스 디톡스 야채퓨레 400g,5
942,seun,테라카니스 디톡스 야채퓨레 400g,5
943,skys,노르웨이 브릴리언트 연어오일 강아지 고양이 영양제 1000ml,5
944,mun1,테라카니스 디톡스 야채퓨레 400g,5
945,poor,패리스독 마트스낵 포켓토이 바스락/노즈워크 장난감,5
946,grac,"더독 올바른 리얼 육포 사사미 치킨네츄럴스틱 100gx5개
",1
947,hivn,더독 닥터소프트 치킨&장건강 노령1.2kg,5
948,eans,더독 정가네 강아지 외식간식 치킨단호박 카레 1box(100gX6개),1
949,myhy,더독 간편급여 건강 북어국100g,5
950,cuba,더독 강아지수제간식 치킨고구마 통육포 1.3kg (소프트타입),5
951,airl,"플래티넘 슬로우쿠킹 70%생육 고기사료 퍼피용 치킨 1.5kg
",5
952,swyu,더독 닥터소프트 명작 하이퍼알러지 연어 노령 1.2kg,5
953,02-0,더독 닥터소프트 명작 하이퍼알러지 연어 전견용 1.2kg,5
954,didi,더독 간편급여 건강 닭백숙 100g,5
955,irur,더독 NEW소프트 치킨 우유껌100g,3
956,ima3,프로덴 플라그오프 덴탈케어 본 치석제거 덴탈껌,1
957,xxxg,더독 닥터소프트 명작 하이퍼알러지 연어 전견용 1.2kg,5
958,dnfl,내추럴키티 내추럴캔 무첨가 자연산 수프캔 80g X 12개,4
959,gyqc,페로가토 삑삑이 완구시리즈 버섯돌이,5
960,hong,원더푸드 요거바이트 동결건조 요거트(유산균+칼슘함유) 브로콜리 20P,5
961,dda0young,퓨어럭스 스텔라 저단백질 신장건강 체중조절 처방식 샘플 40g,0
962,dda0young,네추럴코어 개 베네 M32 400g [씨벅턴 나무열매 + 오리살코기 + 블루베리] 가수분해 사료,5
963,wont,아일오브독스 에브리데이 러쉬코팅 컨디셔너 500ml,1
964,ida8,펫슐랭 유산균 바게트츄 120g,5
965,ultr,워프 동결건조 강아지사료 소고기 280g,5
966,tndk,워프 동결건조 강아지사료 소고기 280g,5
967,san0,워프 동결건조 강아지사료 소고기 280g,5
968,fora,오리젠 라지브리드 퍼피 11.4kg (소분봉투+천연수제간식 선물),5
969,klov,테라카니스 라이트 저칼로리 다이어트 주식캔 400g,5
970,flym,조인트맥스 트리플 스트랭스 120 츄어블 / 바이오틱스 2p 증정,5
971,woak,원올 슬리커 브러쉬 미디움 M,1
972,eebb,오리젠 어덜트 오리지날 6kg (소분봉투+천연수제간식 선물),5
973,dmsf,네이처스로직 디스팅션 정어리 2kg (눈물사료/피부질환개선),1
974,cgco,오리젠 퍼피 11.4kg (소분봉투+천연수제간식 선물),3
975,wnsd,조인트맥스 트리플 스트랭스 30츄어블 강아지관절영양제,4
976,aar1,테라카니스 카니레오 치킨 1kg,1
977,babo,오리젠 라지브리드 퍼피 11.4kg (소분봉투+천연수제간식 선물),1
978,chle,오리젠 시니어 11.4kg (소분봉투+천연수제간식 선물),5
979,lsm7,마우로 펫케어 에센셜 엘레멘트 샴푸 오리지널 아르간오일 532ml,5
980,ujin,원올 슬리커 브러쉬 라지,4
981,ywoo,오리젠 어덜트 오리지날 11.4kg (소분봉투+천연수제간식 선물),5
982,dash,나우 스몰브리드 그레인프리 어덜트 5.44kg,5
983,jsg9,피쉬포독 씨져키 생선으로 만든 저알러지 천연간식 티들러 115g,5
984,ngrk,나우 스몰브리드 그레인프리 어덜트 9.98kg,2
985,icar,피쉬포독 씨져키 생선으로 만든 저알러지 천연간식 티들러 115g,5
986,meac,나우 스몰브리드 그레인프리 어덜트 5.44kg,4
987,kjon,원올 슬리커 브러쉬 라지,5
988,lll0,나우 스몰브리드 피쉬 어덜트 9.98kg,5
989,ldhl,탑독 슈베르트 프리미엄 슬리커 프로 미디움 PS-002BK,3
990,zhen,퓨어럭스 스텔라 저단백질 신장건강 체중조절 처방식 10kg,5
991,milk,오리젠 6-피쉬 독 2kg (천연수제간식 선물),5
992,kdhc,트라이벌 프레쉬 프레스트 칠면조 노령견 3kg,1
993,bara,네츄럴코어 유기농70% 베지테리언 야채 채식사료 6kg,1
994,sofi,패리스독 프릴과일 위생팬티,4
995,pgsa,오리젠 스몰브리드 1.8kg (천연수제간식 선물),4
996,skql,어스본 홀리스틱 그레인프리 헬시웨이트 12kg(체중조절용)+돼지귀1P,5
997,qkfa,트라이벌 프레쉬 프레스트 오리 5kg 스몰브리드,4
998,good,오리젠 6-피쉬 독 6kg (소분봉투+천연수제간식 선물),4
999,jsa1,프로락토 유산균 (장기능개선/요거트) 120g,3
1000,gjwh,프로락토 유산균 (장기능개선/요거트) 120g,4
1001,agii,조인트맥스 트리플 스트랭스 120 츄어블 / 바이오틱스 2p 증정,3
1002,alqn,아이누 저알러지 그레인프리 강아지사료 11kg,2
1003,qudw,펫밥 그레인프리 육즙그대로 패티사료 소고기 1.2kg,5
